Andy,s0ht@mail.ru
Oscar,s0ht@mail.ru
Hello,asd@mail.ru
Jason,jason@g
Andy,s0ht@mail.ru
Oscar,s0ht@mail.ru
Hello,asd@mail.ru
Jason,jason@g
Andy,s0ht@mail.ru
Oscar,s0ht@mail.ru
Hello,asd@mail.ru
Jason,jason@g
Andy,s0ht@mail.ru
Oscar,s0ht@mail.ru
Hello,asd@mail.ru
Jason,jason@g
Andy,s0ht@mail.ru
Oscar,s0ht@mail.ru
Hello,asd@mail.ru
Andy,s0ht@mail.ru
Oscar,s0ht@mail.ru
Hello,asd@mail.ru
Jason,jason@g
Andy,s0ht@mail.ru
Oscar,s0ht@mail.ru
Hello,asd@mail.ru
Jason,jason@g
Andy,s0ht@mail.ru
Oscar,s0ht@mail.ru
Hello,asd@mail.ru
Jason,jason@g
Andy,s0ht@mail.ru
Oscar,s0ht@mail.ru
Hello,asd@mail.ru
Jason,jason@g
Andy,s0ht@mail.ru
Oscar,s0ht@mail.ru
Hello,asd@mail.ru
Andy,s0ht@mail.ru
Oscar,s0ht@mail.ru
Hello,asd@mail.ru
Jason,jason@g
Andy,s0ht@mail.ru
Oscar,s0ht@mail.ru
Hello,asd@mail.ru
Jason,jason@g
Andy,s0ht@mail.ru
Oscar,s0ht@mail.ru
Hello,asd@mail.ru
Jason,jason@g
Andy,s0ht@mail.ru
Oscar,s0ht@mail.ru
Hello,asd@mail.ru
Jason,jason@g
Andy,s0ht@mail.ru
Oscar,s0ht@mail.ru
Hello,asd@mail.ru
Andy,s0ht@mail.ru
Oscar,s0ht@mail.ru
Hello,asd@mail.ru
Jason,jason@g
Andy,s0ht@mail.ru
Oscar,s0ht@mail.ru
Hello,asd@mail.ru
Jason,jason@g
Andy,s0ht@mail.ru
Oscar,s0ht@mail.ru
Hello,asd@mail.ru
Jason,jason@g
Andy,s0ht@mail.ru
Oscar,s0ht@mail.ru
Hello,asd@mail.ru
Jason,jason@g
Andy,s0ht@mail.ru
Oscar,s0ht@mail.ru
Hello,asd@mail.ru
Andy,s0ht@mail.ru
Oscar,s0ht@mail.ru
Hello,asd@mail.ru
Jason,jason@g
Andy,s0ht@mail.ru
Oscar,s0ht@mail.ru
Hello,asd@mail.ru
Jason,jason@g
Andy,s0ht@mail.ru
Oscar,s0ht@mail.ru
Hello,asd@mail.ru
Jason,jason@g
Andy,s0ht@mail.ru
Oscar,s0ht@mail.ru
Hello,asd@mail.ru
Jason,jason@g
Andy,s0ht@mail.ru
Oscar,s0ht@mail.ru
Hello,asd@mail.ru
Andy,s0ht@mail.ru
Oscar,s0ht@mail.ru
Hello,asd@mail.ru
Jason,jason@g
Andy,s0ht@mail.ru
Oscar,s0ht@mail.ru
Hello,asd@mail.ru
Jason,jason@g
Andy,s0ht@mail.ru
Oscar,s0ht@mail.ru
Hello,asd@mail.ru
Jason,jason@g
Andy,s0ht@mail.ru
Oscar,s0ht@mail.ru
Hello,asd@mail.ru
Jason,jason@g
Andy,s0ht@mail.ru
Oscar,s0ht@mail.ru
Hello,asd@mail.ru
Andy,s0ht@mail.ru
Oscar,s0ht@mail.ru
Hello,asd@mail.ru
Jason,jason@g
Andy,s0ht@mail.ru
Oscar,s0ht@mail.ru
Hello,asd@mail.ru
Jason,jason@g
Andy,s0ht@mail.ru
Oscar,s0ht@mail.ru
Hello,asd@mail.ru
Jason,jason@g
Andy,s0ht@mail.ru
Oscar,s0ht@mail.ru
Hello,asd@mail.ru
Jason,jason@g
Andy,s0ht@mail.ru
Oscar,s0ht@mail.ru
Hello,asd@mail.ru
Andy,s0ht@mail.ru
Oscar,s0ht@mail.ru
Hello,asd@mail.ru
Jason,jason@g
Andy,s0ht@mail.ru
Oscar,s0ht@mail.ru
Hello,asd@mail.ru
Jason,jason@g
Andy,s0ht@mail.ru
Oscar,s0ht@mail.ru
Hello,asd@mail.ru
Jason,jason@g
Andy,s0ht@mail.ru
Oscar,s0ht@mail.ru
Hello,asd@mail.ru
Jason,jason@g
Andy,s0ht@mail.ru
Oscar,s0ht@mail.ru
Hello,asd@mail.ru
Andy,s0ht@mail.ru
Oscar,s0ht@mail.ru
Hello,asd@mail.ru
Jason,jason@g
Andy,s0ht@mail.ru
Oscar,s0ht@mail.ru
Hello,asd@mail.ru
Jason,jason@g
Andy,s0ht@mail.ru
Oscar,s0ht@mail.ru
Hello,asd@mail.ru
Jason,jason@g
Andy,s0ht@mail.ru
Oscar,s0ht@mail.ru
Hello,asd@mail.ru
Jason,jason@g
Andy,s0ht@mail.ru
Oscar,s0ht@mail.ru
Hello,asd@mail.ru
Andy,s0ht@mail.ru
Oscar,s0ht@mail.ru
Hello,asd@mail.ru
Jason,jason@g
Andy,s0ht@mail.ru
Oscar,s0ht@mail.ru
Hello,asd@mail.ru
Jason,jason@g
Andy,s0ht@mail.ru
Oscar,s0ht@mail.ru
Hello,asd@mail.ru
Jason,jason@g
Andy,s0ht@mail.ru
Oscar,s0ht@mail.ru
Hello,asd@mail.ru
Jason,jason@g
Andy,s0ht@mail.ru
Oscar,s0ht@mail.ru
Hello,asd@mail.ru
Andy,s0ht@mail.ru
Oscar,s0ht@mail.ru
Hello,asd@mail.ru
Jason,jason@g
Andy,s0ht@mail.ru
Oscar,s0ht@mail.ru
Hello,asd@mail.ru
Jason,jason@g
Andy,s0ht@mail.ru
Oscar,s0ht@mail.ru
Hello,asd@mail.ru
Jason,jason@g
Andy,s0ht@mail.ru
Oscar,s0ht@mail.ru
Hello,asd@mail.ru
Jason,jason@g
Andy,s0ht@mail.ru
Oscar,s0ht@mail.ru
Hello,asd@mail.ru
Andy,s0ht@mail.ru
Oscar,s0ht@mail.ru
Hello,asd@mail.ru
Jason,jason@g
Andy,s0ht@mail.ru
Oscar,s0ht@mail.ru
Hello,asd@mail.ru
Jason,jason@g
Andy,s0ht@mail.ru
Oscar,s0ht@mail.ru
Hello,asd@mail.ru
Jason,jason@g
Andy,s0ht@mail.ru
Oscar,s0ht@mail.ru
Hello,asd@mail.ru
Jason,jason@g
Andy,s0ht@mail.ru
Oscar,s0ht@mail.ru
Hello,asd@mail.ru
Andy,s0ht@mail.ru
Oscar,s0ht@mail.ru
Hello,asd@mail.ru
Jason,jason@g
Andy,s0ht@mail.ru
Oscar,s0ht@mail.ru
Hello,asd@mail.ru
Jason,jason@g
Andy,s0ht@mail.ru
Oscar,s0ht@mail.ru
Hello,asd@mail.ru
Jason,jason@g
Andy,s0ht@mail.ru
Oscar,s0ht@mail.ru
Hello,asd@mail.ru
Jason,jason@g
Andy,s0ht@mail.ru
Oscar,s0ht@mail.ru
Hello,asd@mail.ru
Andy,s0ht@mail.ru
Oscar,s0ht@mail.ru
Hello,asd@mail.ru
Jason,jason@g
Andy,s0ht@mail.ru
Oscar,s0ht@mail.ru
Hello,asd@mail.ru
Jason,jason@g
Andy,s0ht@mail.ru
Oscar,s0ht@mail.ru
Hello,asd@mail.ru
Jason,jason@g
Andy,s0ht@mail.ru
Oscar,s0ht@mail.ru
Hello,asd@mail.ru
Jason,jason@g
Andy,s0ht@mail.ru
Oscar,s0ht@mail.ru
Hello,asd@mail.ru
Andy,s0ht@mail.ru
Oscar,s0ht@mail.ru
Hello,asd@mail.ru
Jason,jason@g
Andy,s0ht@mail.ru
Oscar,s0ht@mail.ru
Hello,asd@mail.ru
Jason,jason@g
Andy,s0ht@mail.ru
Oscar,s0ht@mail.ru
Hello,asd@mail.ru
Jason,jason@g
Andy,s0ht@mail.ru
Oscar,s0ht@mail.ru
Hello,asd@mail.ru
Jason,jason@g
Andy,s0ht@mail.ru
Oscar,s0ht@mail.ru
Hello,asd@mail.ru
Andy,s0ht@mail.ru
Oscar,s0ht@mail.ru
Hello,asd@mail.ru
Jason,jason@g
Andy,s0ht@mail.ru
Oscar,s0ht@mail.ru
Hello,asd@mail.ru
Jason,jason@g
Andy,s0ht@mail.ru
Oscar,s0ht@mail.ru
Hello,asd@mail.ru
Jason,jason@g
Andy,s0ht@mail.ru
Oscar,s0ht@mail.ru
Hello,asd@mail.ru
Jason,jason@g
Andy,s0ht@mail.ru
Oscar,s0ht@mail.ru
Hello,asd@mail.ru
Andy,s0ht@mail.ru
Oscar,s0ht@mail.ru
Hello,asd@mail.ru
Jason,jason@g
Andy,s0ht@mail.ru
Oscar,s0ht@mail.ru
Hello,asd@mail.ru
Jason,jason@g
Andy,s0ht@mail.ru
Oscar,s0ht@mail.ru
Hello,asd@mail.ru
Jason,jason@g
Andy,s0ht@mail.ru
Oscar,s0ht@mail.ru
Hello,asd@mail.ru
Jason,jason@g
Andy,s0ht@mail.ru
Oscar,s0ht@mail.ru
Hello,asd@mail.ru
Andy,s0ht@mail.ru
Oscar,s0ht@mail.ru
Hello,asd@mail.ru
Jason,jason@g
Andy,s0ht@mail.ru
Oscar,s0ht@mail.ru
Hello,asd@mail.ru
Jason,jason@g
Andy,s0ht@mail.ru
Oscar,s0ht@mail.ru
Hello,asd@mail.ru
Jason,jason@g
Andy,s0ht@mail.ru
Oscar,s0ht@mail.ru
Hello,asd@mail.ru
Jason,jason@g
Andy,s0ht@mail.ru
Oscar,s0ht@mail.ru
Hello,asd@mail.ru
Andy,s0ht@mail.ru
Oscar,s0ht@mail.ru
Hello,asd@mail.ru
Jason,jason@g
Andy,s0ht@mail.ru
Oscar,s0ht@mail.ru
Hello,asd@mail.ru
Jason,jason@g
Andy,s0ht@mail.ru
Oscar,s0ht@mail.ru
Hello,asd@mail.ru
Jason,jason@g
Andy,s0ht@mail.ru
Oscar,s0ht@mail.ru
Hello,asd@mail.ru
Jason,jason@g
Andy,s0ht@mail.ru
Oscar,s0ht@mail.ru
Hello,asd@mail.ru
Andy,s0ht@mail.ru
Oscar,s0ht@mail.ru
Hello,asd@mail.ru
Jason,jason@g
Andy,s0ht@mail.ru
Oscar,s0ht@mail.ru
Hello,asd@mail.ru
Jason,jason@g
Andy,s0ht@mail.ru
Oscar,s0ht@mail.ru
Hello,asd@mail.ru
Jason,jason@g
Andy,s0ht@mail.ru
Oscar,s0ht@mail.ru
Hello,asd@mail.ru
Jason,jason@g
Andy,s0ht@mail.ru
Oscar,s0ht@mail.ru
Hello,asd@mail.ru
Andy,s0ht@mail.ru
Oscar,s0ht@mail.ru
Hello,asd@mail.ru
Jason,jason@g
Andy,s0ht@mail.ru
Oscar,s0ht@mail.ru
Hello,asd@mail.ru
Jason,jason@g
Andy,s0ht@mail.ru
Oscar,s0ht@mail.ru
Hello,asd@mail.ru
Jason,jason@g
Andy,s0ht@mail.ru
Oscar,s0ht@mail.ru
Hello,asd@mail.ru
Jason,jason@g
Andy,s0ht@mail.ru
Oscar,s0ht@mail.ru
Hello,asd@mail.ru
Andy,s0ht@mail.ru
Oscar,s0ht@mail.ru
Hello,asd@mail.ru
Jason,jason@g
Andy,s0ht@mail.ru
Oscar,s0ht@mail.ru
Hello,asd@mail.ru
Jason,jason@g
Andy,s0ht@mail.ru
Oscar,s0ht@mail.ru
Hello,asd@mail.ru
Jason,jason@g
Andy,s0ht@mail.ru
Oscar,s0ht@mail.ru
Hello,asd@mail.ru
Jason,jason@g
Andy,s0ht@mail.ru
Oscar,s0ht@mail.ru
Hello,asd@mail.ru
Andy,s0ht@mail.ru
Oscar,s0ht@mail.ru
Hello,asd@mail.ru
Jason,jason@g
Andy,s0ht@mail.ru
Oscar,s0ht@mail.ru
Hello,asd@mail.ru
Jason,jason@g
Andy,s0ht@mail.ru
Oscar,s0ht@mail.ru
Hello,asd@mail.ru
Jason,jason@g
Andy,s0ht@mail.ru
Oscar,s0ht@mail.ru
Hello,asd@mail.ru
Jason,jason@g
Andy,s0ht@mail.ru
Oscar,s0ht@mail.ru
Hello,asd@mail.ru
Andy,s0ht@mail.ru
Oscar,s0ht@mail.ru
Hello,asd@mail.ru
Jason,jason@g
Andy,s0ht@mail.ru
Oscar,s0ht@mail.ru
Hello,asd@mail.ru
Jason,jason@g
Andy,s0ht@mail.ru
Oscar,s0ht@mail.ru
Hello,asd@mail.ru
Jason,jason@g
Andy,s0ht@mail.ru
Oscar,s0ht@mail.ru
Hello,asd@mail.ru
Jason,jason@g
Andy,s0ht@mail.ru
Oscar,s0ht@mail.ru
Hello,asd@mail.ru
Andy,s0ht@mail.ru
Oscar,s0ht@mail.ru
Hello,asd@mail.ru
Jason,jason@g
Andy,s0ht@mail.ru
Oscar,s0ht@mail.ru
Hello,asd@mail.ru
Jason,jason@g
Andy,s0ht@mail.ru
Oscar,s0ht@mail.ru
Hello,asd@mail.ru
Jason,jason@g
Andy,s0ht@mail.ru
Oscar,s0ht@mail.ru
Hello,asd@mail.ru
Jason,jason@g
Andy,s0ht@mail.ru
Oscar,s0ht@mail.ru
Hello,asd@mail.ru
Andy,s0ht@mail.ru
Oscar,s0ht@mail.ru
Hello,asd@mail.ru
Jason,jason@g
Andy,s0ht@mail.ru
Oscar,s0ht@mail.ru
Hello,asd@mail.ru
Jason,jason@g
Andy,s0ht@mail.ru
Oscar,s0ht@mail.ru
Hello,asd@mail.ru
Jason,jason@g
Andy,s0ht@mail.ru
Oscar,s0ht@mail.ru
Hello,asd@mail.ru
Jason,jason@g
Andy,s0ht@mail.ru
Oscar,s0ht@mail.ru
Hello,asd@mail.ru
Andy,s0ht@mail.ru
Oscar,s0ht@mail.ru
Hello,asd@mail.ru
Jason,jason@g
Andy,s0ht@mail.ru
Oscar,s0ht@mail.ru
Hello,asd@mail.ru
Jason,jason@g
Andy,s0ht@mail.ru
Oscar,s0ht@mail.ru
Hello,asd@mail.ru
Jason,jason@g
Andy,s0ht@mail.ru
Oscar,s0ht@mail.ru
Hello,asd@mail.ru
Jason,jason@g
Andy,s0ht@mail.ru
Oscar,s0ht@mail.ru
Hello,asd@mail.ru
Andy,s0ht@mail.ru
Oscar,s0ht@mail.ru
Hello,asd@mail.ru
Jason,jason@g
Andy,s0ht@mail.ru
Oscar,s0ht@mail.ru
Hello,asd@mail.ru
Jason,jason@g
Andy,s0ht@mail.ru
Oscar,s0ht@mail.ru
Hello,asd@mail.ru
Jason,jason@g
Andy,s0ht@mail.ru
Oscar,s0ht@mail.ru
Hello,asd@mail.ru
Jason,jason@g
Andy,s0ht@mail.ru
Oscar,s0ht@mail.ru
Hello,asd@mail.ru
Andy,s0ht@mail.ru
Oscar,s0ht@mail.ru
Hello,asd@mail.ru
Jason,jason@g
Andy,s0ht@mail.ru
Oscar,s0ht@mail.ru
Hello,asd@mail.ru
Jason,jason@g
Andy,s0ht@mail.ru
Oscar,s0ht@mail.ru
Hello,asd@mail.ru
Jason,jason@g
Andy,s0ht@mail.ru
Oscar,s0ht@mail.ru
Hello,asd@mail.ru
Jason,jason@g
Andy,s0ht@mail.ru
Oscar,s0ht@mail.ru
Hello,asd@mail.ru
Andy,s0ht@mail.ru
Oscar,s0ht@mail.ru
Hello,asd@mail.ru
Jason,jason@g
Andy,s0ht@mail.ru
Oscar,s0ht@mail.ru
Hello,asd@mail.ru
Jason,jason@g
Andy,s0ht@mail.ru
Oscar,s0ht@mail.ru
Hello,asd@mail.ru
Jason,jason@g
Andy,s0ht@mail.ru
Oscar,s0ht@mail.ru
Hello,asd@mail.ru
Jason,jason@g
Andy,s0ht@mail.ru
Oscar,s0ht@mail.ru
Hello,asd@mail.ru
Andy,s0ht@mail.ru
Oscar,s0ht@mail.ru
Hello,asd@mail.ru
Jason,jason@g
Andy,s0ht@mail.ru
Oscar,s0ht@mail.ru
Hello,asd@mail.ru
Jason,jason@g
Andy,s0ht@mail.ru
Oscar,s0ht@mail.ru
Hello,asd@mail.ru
Jason,jason@g
Andy,s0ht@mail.ru
Oscar,s0ht@mail.ru
Hello,asd@mail.ru
Jason,jason@g
Andy,s0ht@mail.ru
Oscar,s0ht@mail.ru
Hello,asd@mail.ru
Andy,s0ht@mail.ru
Oscar,s0ht@mail.ru
Hello,asd@mail.ru
Jason,jason@g
Andy,s0ht@mail.ru
Oscar,s0ht@mail.ru
Hello,asd@mail.ru
Jason,jason@g
Andy,s0ht@mail.ru
Oscar,s0ht@mail.ru
Hello,asd@mail.ru
Jason,jason@g
Andy,s0ht@mail.ru
Oscar,s0ht@mail.ru
Hello,asd@mail.ru
Jason,jason@g
Andy,s0ht@mail.ru
Oscar,s0ht@mail.ru
Hello,asd@mail.ru
Andy,s0ht@mail.ru
Oscar,s0ht@mail.ru
Hello,asd@mail.ru
Jason,jason@g
Andy,s0ht@mail.ru
Oscar,s0ht@mail.ru
Hello,asd@mail.ru
Jason,jason@g
Andy,s0ht@mail.ru
Oscar,s0ht@mail.ru
Hello,asd@mail.ru
Jason,jason@g
Andy,s0ht@mail.ru
Oscar,s0ht@mail.ru
Hello,asd@mail.ru
Jason,jason@g
Andy,s0ht@mail.ru
Oscar,s0ht@mail.ru
Hello,asd@mail.ru
Andy,s0ht@mail.ru
Oscar,s0ht@mail.ru
Hello,asd@mail.ru
Jason,jason@g
Andy,s0ht@mail.ru
Oscar,s0ht@mail.ru
Hello,asd@mail.ru
Jason,jason@g
Andy,s0ht@mail.ru
Oscar,s0ht@mail.ru
Hello,asd@mail.ru
Jason,jason@g
Andy,s0ht@mail.ru
Oscar,s0ht@mail.ru
Hello,asd@mail.ru
Jason,jason@g
Andy,s0ht@mail.ru
Oscar,s0ht@mail.ru
Hello,asd@mail.ru
Andy,s0ht@mail.ru
Oscar,s0ht@mail.ru
Hello,asd@mail.ru
Jason,jason@g
Andy,s0ht@mail.ru
Oscar,s0ht@mail.ru
Hello,asd@mail.ru
Jason,jason@g
Andy,s0ht@mail.ru
Oscar,s0ht@mail.ru
Hello,asd@mail.ru
Jason,jason@g
Andy,s0ht@mail.ru
Oscar,s0ht@mail.ru
Hello,asd@mail.ru
Jason,jason@g
Andy,s0ht@mail.ru
Oscar,s0ht@mail.ru
Hello,asd@mail.ru
Andy,s0ht@mail.ru
Oscar,s0ht@mail.ru
Hello,asd@mail.ru
Jason,jason@g
Andy,s0ht@mail.ru
Oscar,s0ht@mail.ru
Hello,asd@mail.ru
Jason,jason@g
Andy,s0ht@mail.ru
Oscar,s0ht@mail.ru
Hello,asd@mail.ru
Jason,jason@g
Andy,s0ht@mail.ru
Oscar,s0ht@mail.ru
Hello,asd@mail.ru
Jason,jason@g
Andy,s0ht@mail.ru
Oscar,s0ht@mail.ru
Hello,asd@mail.ru
Andy,s0ht@mail.ru
Oscar,s0ht@mail.ru
Hello,asd@mail.ru
Jason,jason@g
Andy,s0ht@mail.ru
Oscar,s0ht@mail.ru
Hello,asd@mail.ru
Jason,jason@g
Andy,s0ht@mail.ru
Oscar,s0ht@mail.ru
Hello,asd@mail.ru
Jason,jason@g
Andy,s0ht@mail.ru
Oscar,s0ht@mail.ru
Hello,asd@mail.ru
Jason,jason@g
Andy,s0ht@mail.ru
Oscar,s0ht@mail.ru
Hello,asd@mail.ru
Andy,s0ht@mail.ru
Oscar,s0ht@mail.ru
Hello,asd@mail.ru
Jason,jason@g
Andy,s0ht@mail.ru
Oscar,s0ht@mail.ru
Hello,asd@mail.ru
Jason,jason@g
Andy,s0ht@mail.ru
Oscar,s0ht@mail.ru
Hello,asd@mail.ru
Jason,jason@g
Andy,s0ht@mail.ru
Oscar,s0ht@mail.ru
Hello,asd@mail.ru
Jason,jason@g
Andy,s0ht@mail.ru
Oscar,s0ht@mail.ru
Hello,asd@mail.ru
Andy,s0ht@mail.ru
Oscar,s0ht@mail.ru
Hello,asd@mail.ru
Jason,jason@g
Andy,s0ht@mail.ru
Oscar,s0ht@mail.ru
Hello,asd@mail.ru
Jason,jason@g
Andy,s0ht@mail.ru
Oscar,s0ht@mail.ru
Hello,asd@mail.ru
Jason,jason@g
Andy,s0ht@mail.ru
Oscar,s0ht@mail.ru
Hello,asd@mail.ru
Jason,jason@g
Andy,s0ht@mail.ru
Oscar,s0ht@mail.ru
Hello,asd@mail.ru
Andy,s0ht@mail.ru
Oscar,s0ht@mail.ru
Hello,asd@mail.ru
Jason,jason@g
Andy,s0ht@mail.ru
Oscar,s0ht@mail.ru
Hello,asd@mail.ru
Jason,jason@g
Andy,s0ht@mail.ru
Oscar,s0ht@mail.ru
Hello,asd@mail.ru
Jason,jason@g
Andy,s0ht@mail.ru
Oscar,s0ht@mail.ru
Hello,asd@mail.ru
Jason,jason@g
Andy,s0ht@mail.ru
Oscar,s0ht@mail.ru
Jason,jason@g
Andy,s0ht@mail.ru
Oscar,s0ht@mail.ru
Hello,asd@mail.ru
Jason,jason@g
Andy,s0ht@mail.ru
Oscar,s0ht@mail.ru
Hello,asd@mail.ru
Jason,jason@g
Andy,s0ht@mail.ru
Oscar,s0ht@mail.ru
Hello,asd@mail.ru
Jason,jason@g
Andy,s0ht@mail.ru
Oscar,s0ht@mail.ru
Hello,asd@mail.ru
Andy,s0ht@mail.ru
Oscar,s0ht@mail.ru
Hello,asd@mail.ru
Jason,jason@g
Andy,s0ht@mail.ru
Oscar,s0ht@mail.ru
Hello,asd@mail.ru
Jason,jason@g
Andy,s0ht@mail.ru
Oscar,s0ht@mail.ru
Hello,asd@mail.ru
Jason,jason@g
Andy,s0ht@mail.ru
Oscar,s0ht@mail.ru
Hello,asd@mail.ru
Jason,jason@g
Andy,s0ht@mail.ru
Oscar,s0ht@mail.ru
Hello,asd@mail.ru
Andy,s0ht@mail.ru
Oscar,s0ht@mail.ru
Hello,asd@mail.ru
Jason,jason@g
Andy,s0ht@mail.ru
Oscar,s0ht@mail.ru
Hello,asd@mail.ru
Jason,jason@g
Andy,s0ht@mail.ru
Oscar,s0ht@mail.ru
Hello,asd@mail.ru
Jason,jason@g
Andy,s0ht@mail.ru
Oscar,s0ht@mail.ru
Hello,asd@mail.ru
Jason,jason@g
Andy,s0ht@mail.ru
Oscar,s0ht@mail.ru
Hello,asd@mail.ru
Andy,s0ht@mail.ru
Oscar,s0ht@mail.ru
Hello,asd@mail.ru
Jason,jason@g
Andy,s0ht@mail.ru
Oscar,s0ht@mail.ru
Hello,asd@mail.ru
Jason,jason@g
Andy,s0ht@mail.ru
Oscar,s0ht@mail.ru
Hello,asd@mail.ru
Jason,jason@g
Andy,s0ht@mail.ru
Oscar,s0ht@mail.ru
Hello,asd@mail.ru
Jason,jason@g
Andy,s0ht@mail.ru
Oscar,s0ht@mail.ru
Hello,asd@mail.ru
Andy,s0ht@mail.ru
Oscar,s0ht@mail.ru
Hello,asd@mail.ru
Jason,jason@g
Andy,s0ht@mail.ru
Oscar,s0ht@mail.ru
Hello,asd@mail.ru
Jason,jason@g
Andy,s0ht@mail.ru
Oscar,s0ht@mail.ru
Hello,asd@mail.ru
Jason,jason@g
Andy,s0ht@mail.ru
Oscar,s0ht@mail.ru
Hello,asd@mail.ru
Jason,jason@g
Andy,s0ht@mail.ru
Oscar,s0ht@mail.ru
Hello,asd@mail.ru
Andy,s0ht@mail.ru
Oscar,s0ht@mail.ru
Hello,asd@mail.ru
Jason,jason@g
Andy,s0ht@mail.ru
Oscar,s0ht@mail.ru
Hello,asd@mail.ru
Jason,jason@g
Andy,s0ht@mail.ru
Oscar,s0ht@mail.ru
Hello,asd@mail.ru
Jason,jason@g
Andy,s0ht@mail.ru
Oscar,s0ht@mail.ru
Hello,asd@mail.ru
Jason,jason@g
Andy,s0ht@mail.ru
Oscar,s0ht@mail.ru
Hello,asd@mail.ru
Andy,s0ht@mail.ru
Oscar,s0ht@mail.ru
Hello,asd@mail.ru
Jason,jason@g
Andy,s0ht@mail.ru
Oscar,s0ht@mail.ru
Hello,asd@mail.ru
Jason,jason@g
Andy,s0ht@mail.ru
Oscar,s0ht@mail.ru
Hello,asd@mail.ru
Jason,jason@g
Andy,s0ht@mail.ru
Oscar,s0ht@mail.ru
Hello,asd@mail.ru
Jason,jason@g
Andy,s0ht@mail.ru
Oscar,s0ht@mail.ru
Hello,asd@mail.ru
Andy,s0ht@mail.ru
Oscar,s0ht@mail.ru
Hello,asd@mail.ru
Jason,jason@g
Andy,s0ht@mail.ru
Oscar,s0ht@mail.ru
Hello,asd@mail.ru
Jason,jason@g
Andy,s0ht@mail.ru
Oscar,s0ht@mail.ru
Hello,asd@mail.ru
Jason,jason@g
Andy,s0ht@mail.ru
Oscar,s0ht@mail.ru
Hello,asd@mail.ru
Jason,jason@g
Andy,s0ht@mail.ru
Oscar,s0ht@mail.ru
Hello,asd@mail.ru
Andy,s0ht@mail.ru
Oscar,s0ht@mail.ru
Hello,asd@mail.ru
Jason,jason@g
Andy,s0ht@mail.ru
Oscar,s0ht@mail.ru
Hello,asd@mail.ru
Jason,jason@g
Andy,s0ht@mail.ru
Oscar,s0ht@mail.ru
Hello,asd@mail.ru
Jason,jason@g
Andy,s0ht@mail.ru
Oscar,s0ht@mail.ru
Hello,asd@mail.ru
Jason,jason@g
Andy,s0ht@mail.ru
Oscar,s0ht@mail.ru
Hello,asd@mail.ru
Andy,s0ht@mail.ru
Oscar,s0ht@mail.ru
Hello,asd@mail.ru
Jason,jason@g
Andy,s0ht@mail.ru
Oscar,s0ht@mail.ru
Hello,asd@mail.ru
Jason,jason@g
Andy,s0ht@mail.ru
Oscar,s0ht@mail.ru
Hello,asd@mail.ru
Jason,jason@g
Andy,s0ht@mail.ru
Oscar,s0ht@mail.ru
Hello,asd@mail.ru
Jason,jason@g
Andy,s0ht@mail.ru
Oscar,s0ht@mail.ru
Hello,asd@mail.ru
Andy,s0ht@mail.ru
Oscar,s0ht@mail.ru
Hello,asd@mail.ru
Jason,jason@g
Andy,s0ht@mail.ru
Oscar,s0ht@mail.ru
Hello,asd@mail.ru
Jason,jason@g
Andy,s0ht@mail.ru
Oscar,s0ht@mail.ru
Hello,asd@mail.ru
Jason,jason@g
Andy,s0ht@mail.ru
Oscar,s0ht@mail.ru
Hello,asd@mail.ru
Jason,jason@g
Andy,s0ht@mail.ru
Oscar,s0ht@mail.ru
Hello,asd@mail.ru
Andy,s0ht@mail.ru
Oscar,s0ht@mail.ru
Hello,asd@mail.ru
Jason,jason@g
Andy,s0ht@mail.ru
Oscar,s0ht@mail.ru
Hello,asd@mail.ru
Jason,jason@g
Andy,s0ht@mail.ru
Oscar,s0ht@mail.ru
Hello,asd@mail.ru
Jason,jason@g
Andy,s0ht@mail.ru
Oscar,s0ht@mail.ru
Hello,asd@mail.ru
Jason,jason@g
Andy,s0ht@mail.ru
Oscar,s0ht@mail.ru
Hello,asd@mail.ru
Jason,jason@g
Andy,s0ht@mail.ru
Oscar,s0ht@mail.ru
Hello,asd@mail.ru
Jason,jason@g
Andy,s0ht@mail.ru
Oscar,s0ht@mail.ru
Hello,asd@mail.ru
Jason,jason@g
Andy,s0ht@mail.ru
Oscar,s0ht@mail.ru
Hello,asd@mail.ru
Jason,jason@g
Andy,s0ht@mail.ru
Oscar,s0ht@mail.ru
Hello,asd@mail.ru
Jason,jason@g
Andy,s0ht@mail.ru
Oscar,s0ht@mail.ru
Hello,asd@mail.ru
Jason,jason@g
Andy,s0ht@mail.ru
Oscar,s0ht@mail.ru
Hello,asd@mail.ru
